{
  "widgetApi": [
    {
      "name": "AlarmController"
    }
  ],
  "widgetDescription": "",
  "authorName": "uzies <ko.shen@hotmail.com>",
  "localFileBasePath": "",
  "width": "",
  "height": "",
  "i18n": [
    {
      "name": "messages-en"
    },
    {
      "name": "messages-zh"
    }
  ],
  "requires": [
    {
      "name": "global_Vue",
      "version": "100.7"
    },
    {
      "name": "global_VueI18n",
      "version": "100.7"
    },
	{
      "name": "global_Element",
      "version": "100.8"
    }
  ]
}